date_time,energy_usage,temperature,humidity,wind_speed
2023-01-01 00:00:00,359.8249553444149,12.641286469926465,45.99859973550985,0.5774105186917378
2023-01-01 01:00:00,76.18711797879962,11.179417987274029,38.609579565801944,6.8075589296048555
2023-01-01 02:00:00,461.8461774319162,17.897110377338628,65.22630864237556,4.667820772311879
2023-01-01 03:00:00,249.058503378997,27.159079176035906,54.95336844850328,0.34461259425
2023-01-01 04:00:00,157.90431162083146,16.5360596152315,38.62134946037665,9.696077268480954
2023-01-01 05:00:00,92.24298053658129,21.466207003221662,30.446644456512328,9.491121430894404
2023-01-01 06:00:00,132.2896986982883,24.514230676261,28.90398338812147,5.129024161471976
2023-01-01 07:00:00,470.57629880286936,15.806724395149274,80.52622744982924,0.936724207059102
2023-01-01 08:00:00,337.2217672295077,12.072682266194574,37.04345778834071,7.546212215985918
2023-01-01 09:00:00,282.513315841955,30.066615114497978,65.61974535376778,4.919311001057291
2023-01-01 10:00:00,345.7000978250751,11.700243361115685,76.74801495903864,3.0244747828937992
2023-01-01 11:00:00,246.05280440505098,13.477714023023504,62.985691782931525,4.914181775285567
2023-01-01 12:00:00,378.5176924528183,34.613652533671086,80.16956621528621,5.224441454054645
2023-01-01 13:00:00,71.47225746124195,-4.990499056964617,47.467560506993216,5.627116990223392
2023-01-01 14:00:00,304.71674472233434,2.4189163830688987,86.93555334542638,4.412237136553266
2023-01-01 15:00:00,121.39090143912097,10.35855559678903,29.320150292466785,6.057553031390567
2023-01-01 16:00:00,104.07409151253898,32.303596377010116,27.150467076027667,9.187347106063774
2023-01-01 17:00:00,203.84585002238072,-2.198811770101159,66.10845023452104,3.6226808709859117
2023-01-01 18:00:00,91.30957961604885,-4.620582654860077,85.99817989892833,7.2571646321994905
2023-01-01 19:00:00,92.37064472085206,-2.8926465609108565,76.62184231454296,8.944525568242321
2023-01-01 20:00:00,190.1359892260824,-1.4582635754552742,25.3491801606636,4.559792757599369
2023-01-01 21:00:00,490.77973787967886,-3.496129071749565,39.55573997543014,4.434558363819042
2023-01-01 22:00:00,128.89862145020234,14.19125307426019,85.12232193864766,6.0211698535477955
2023-01-01 23:00:00,57.722495824287606,18.23028828909311,37.71409029605492,5.914067594224881
2023-01-02 00:00:00,393.5139903517599,5.867478842760163,74.68192966508435,8.06589342326277
2023-01-02 01:00:00,413.1108396728508,10.931495359025423,77.75925371500927,4.764833837782927
2023-01-02 02:00:00,205.83694449023037,-1.3320265955427946,54.681647242268724,9.961229496394411
2023-01-02 03:00:00,259.1032158228251,8.454818553136882,47.044423689382086,0.5947156886728078
2023-01-02 04:00:00,342.39815718924353,15.900767665380924,51.50871026938317,0.031678485807017376
2023-01-02 05:00:00,71.62651588866518,24.290872287385806,35.88752860557549,6.401983115596238
2023-01-02 06:00:00,477.11557921612365,-4.866145518280831,82.2573641290191,2.9843491236187667
2023-01-02 07:00:00,449.0061742841214,13.692430661506103,51.54337597108305,2.403823886994838
2023-01-02 08:00:00,167.40213050377128,6.880115058195289,81.77216083192698,3.1189908000428046
2023-01-02 09:00:00,56.887043130673135,29.112872867676053,27.398543593439186,2.560475651049543
2023-01-02 10:00:00,470.0463386357673,23.62213260936968,89.17926897000919,0.3079004966044785
2023-01-02 11:00:00,275.46794776186664,18.564341378835792,51.02911612105328,9.715330423905886
2023-01-02 12:00:00,292.71985178002814,6.0906258278709435,23.34815742758738,2.2074548845278175
2023-01-02 13:00:00,357.78369622916347,31.413564082301374,22.661529376621843,7.340297625893063
2023-01-02 14:00:00,327.13302397546124,-3.1959729111870727,72.2345080237287,7.625963946941753
2023-01-02 15:00:00,474.7512220523407,-0.6212960528353939,66.13248739425765,9.292573980072293
2023-01-02 16:00:00,474.9132187063253,10.665205621614241,76.14913906893112,0.3054945709337997
2023-01-02 17:00:00,440.2395200997517,-0.02249770812574603,27.375727376696418,8.720483384470077
2023-01-02 18:00:00,336.3816188507051,33.256627902377,22.489960692488385,5.272261808398002
2023-01-02 19:00:00,410.4271826070799,26.919572885735334,55.60055026133049,6.325441099658279
2023-01-02 20:00:00,354.7257540723418,5.3593060640725465,47.13166620379387,6.444702771210337
2023-01-02 21:00:00,308.01516875237,18.542169158929816,52.3362855669669,8.197978049847276
2023-01-02 22:00:00,107.82515895525958,34.29322060320327,89.41118862091918,3.334073221591105
2023-01-02 23:00:00,415.04187953120135,30.367959125260118,87.95249703694691,7.330511898599934
2023-01-03 00:00:00,419.2877640847799,19.03193785768792,85.9620772771235,5.285781097221971
2023-01-03 01:00:00,331.6728515457078,31.14895868701082,74.86898737373717,7.933940143053477
2023-01-03 02:00:00,419.19207969707065,34.567396392534356,44.838895217982326,9.905460327701334
2023-01-03 03:00:00,343.1681473360046,24.734112915744966,48.84916511839401,2.0065101740376123
2023-01-03 04:00:00,143.00796194453542,-2.400543620684239,58.47312306032471,9.94648641559998
2023-01-03 05:00:00,173.2825072945102,11.063209457019498,78.1374119483388,0.89812154282774
2023-01-03 06:00:00,146.56510386876835,28.513029411329818,24.809898276278744,0.02317547904813866
2023-01-03 07:00:00,219.76658745258914,4.22276783220076,49.70078201194217,0.4416193617783126
2023-01-03 08:00:00,67.53340953960513,28.225700710024984,25.78323644214881,3.417824047367617
2023-01-03 09:00:00,328.2142479520518,-0.18644951860016246,56.02603106014581,6.329063306784342
2023-01-03 10:00:00,201.44939669992692,-3.12218571408748,82.92305768043647,0.6902954088784963
2023-01-03 11:00:00,345.07518592133397,10.363624459649984,74.77394471947565,0.0566581452956727
2023-01-03 12:00:00,223.42847943450425,-3.530722502935455,35.948969228017695,9.370910284587948
2023-01-03 13:00:00,356.72615103775536,33.29081051933302,88.31935947191548,8.219266359399297
2023-01-03 14:00:00,203.28105625890802,28.048227831758634,66.71452786324998,8.091831711390311
2023-01-03 15:00:00,167.3125377061564,27.030787485195003,20.729938957818213,8.84424275501977
2023-01-03 16:00:00,273.2168544320328,20.191116919846124,37.878943927965366,7.000342727721044
2023-01-03 17:00:00,361.80066141137274,3.6529609214621406,38.249930994394155,1.0440412974808144
2023-01-03 18:00:00,206.7514720039388,15.730414667055687,24.847801440010194,3.9910018807372305
2023-01-03 19:00:00,471.49166833506825,18.89096289721364,87.18785626531503,7.2314948646462955
2023-01-03 20:00:00,67.63384700404082,16.001260034410727,53.47787062031466,2.803344607915209
2023-01-03 21:00:00,238.07571427201043,5.409334718061092,82.70702181603174,6.874063641362376
2023-01-03 22:00:00,485.41124818411134,15.609916972589035,42.55508524112398,0.2449844826765235
2023-01-03 23:00:00,296.5873474616393,14.647453634745062,28.7663499302979,3.061373408795932
2023-01-04 00:00:00,240.56192403865336,34.85343103226897,53.20352769343497,5.491303362771727
2023-01-04 01:00:00,305.83412768748127,30.897445921848153,27.9769644300022,6.320898295062422
2023-01-04 02:00:00,309.1660588661381,13.535229928624798,54.02108520842779,5.770406644619108
2023-01-04 03:00:00,379.2414898848381,19.917495317404747,84.42080268535854,6.977562760734295
2023-01-04 04:00:00,107.46037824010952,24.914864163689142,56.45376992839489,0.0608874823983907
2023-01-04 05:00:00,162.5074021472471,-3.6053935906470036,63.15498088265584,1.009411999775215
2023-01-04 06:00:00,311.2448055547594,30.796857649113598,30.964690588166583,8.68944252279145
2023-01-04 07:00:00,440.2024732443749,29.40507265671695,23.061493811597863,6.817486440901613
2023-01-04 08:00:00,302.84001146469814,13.297283910948291,27.756557352586494,1.129316426860113
2023-01-04 09:00:00,157.36858690565307,10.64679064321519,61.897210297905595,8.420744373985793
2023-01-04 10:00:00,355.9301509551106,5.918374994252598,26.650818929461327,2.422312178245669
2023-01-04 11:00:00,382.95894220131856,14.067073133214736,46.3195022958918,4.782598841952234
2023-01-04 12:00:00,157.20626858179074,-3.224933458670529,58.50643583207092,1.451965128846603
2023-01-04 13:00:00,219.9779987793327,29.08774133388031,47.20569590408929,7.101100564217067
2023-01-04 14:00:00,290.44736308875355,-3.5831052632581972,31.457866102571103,6.668544210142678
2023-01-04 15:00:00,273.45253580738495,8.16205461479484,39.16539152598746,2.111124711661362
2023-01-04 16:00:00,225.32813879864156,32.26357953275959,84.98222729940039,8.634007668570018
2023-01-04 17:00:00,183.9358285291899,24.40850618093811,67.31875929104487,4.013060242197122
2023-01-04 18:00:00,94.99319922283853,6.255638423101071,54.72334870759206,2.9251509107074183
2023-01-04 19:00:00,74.068383536316,5.105963758435403,20.890042299082545,1.5232958946453545
2023-01-04 20:00:00,481.34367359743925,-4.796714407278961,89.4690780342629,2.6616801251553746
2023-01-04 21:00:00,431.2144148430154,22.82857171399001,67.00184544262503,0.22026921223816998
2023-01-04 22:00:00,209.7073357082243,-3.0486567330730763,42.18457341414614,5.832574924561156
2023-01-04 23:00:00,480.56039830690537,16.304100776030484,81.54880619984867,8.422307463439479
2023-01-05 00:00:00,354.54645699093646,33.48487890368199,38.09021342042727,5.489804494416418
2023-01-05 01:00:00,267.13442733918913,-0.6212455978218445,58.08116054279261,2.192739619238757
2023-01-05 02:00:00,271.86154599731225,30.7791972387227,64.52495346108776,0.3366917821387272
2023-01-05 03:00:00,87.47798503786684,34.65901340580193,35.47443600176099,2.1462807325880284
2023-01-05 04:00:00,91.26686626631648,-2.539318950430598,88.48780951604171,4.161214280710923
2023-01-05 05:00:00,321.0984166555035,30.316250765498452,72.37343341852983,7.596114286997965
2023-01-05 06:00:00,299.16637355561033,15.643160817744665,59.046925785774896,1.878428525377741
2023-01-05 07:00:00,145.72755276090302,31.2605487777832,32.64162187227106,7.197914533546861
2023-01-05 08:00:00,475.7875442967606,17.852757676782964,23.77007448986183,8.669334683518837
2023-01-05 09:00:00,401.58322271204116,21.484480404262584,42.404188276468844,4.539468481083571
2023-01-05 10:00:00,101.0590709078516,16.75115631989597,72.7231135139382,8.214319916425932
2023-01-05 11:00:00,468.91809755928165,29.57971521229394,38.85319088114176,5.546573480350956
2023-01-05 12:00:00,488.4116938404846,24.35639675814807,57.76893543468536,6.370908370809049
2023-01-05 13:00:00,498.1690589136481,15.850412487216596,70.95630237115202,5.262784603382027
2023-01-05 14:00:00,75.14201960480752,29.726432162061876,27.556060025252506,4.631727167513418
2023-01-05 15:00:00,381.666000555954,4.811421290213382,67.97086112811114,2.3465344177584937
2023-01-05 16:00:00,295.662096574245,1.293626388101039,26.43096213970313,3.0319405946104605
2023-01-05 17:00:00,367.62416774541254,1.4160042132028838,87.55908194888976,2.8997011894360902
2023-01-05 18:00:00,485.8933747883607,8.360355149809514,54.18758910454577,5.632889309538147
2023-01-05 19:00:00,359.61350457876756,4.5476012520407005,30.547327539691416,1.1995369302388992
2023-01-05 20:00:00,426.6337434068182,32.203614020389544,43.96685452234826,9.16791690702335
2023-01-05 21:00:00,440.0909173898786,-0.7666362468566401,48.9391514506683,7.206551452831133
2023-01-05 22:00:00,427.31634369379327,22.95962952158351,73.07295077535761,4.014456309131936
2023-01-05 23:00:00,241.7411637711235,2.5688615914002355,72.03966502536265,1.5862414452637796
2023-01-06 00:00:00,150.15938790696373,30.265485310814007,62.83583537361317,8.819921697216358
2023-01-06 01:00:00,228.49322087941334,33.4526115273963,27.415149879094507,8.237780901011652
2023-01-06 02:00:00,451.3536089495495,13.618800350799344,30.60985601113715,7.217215527171793
2023-01-06 03:00:00,115.97216976141146,30.162859209125266,26.562984445188963,2.715470474112424
2023-01-06 04:00:00,280.9967759115768,-4.794193169811409,60.402094830128505,4.024466374336689
2023-01-06 05:00:00,154.9526325910375,27.797876696324003,81.39969090579828,1.0274825245242336
2023-01-06 06:00:00,311.58743775205204,4.145006460996941,50.36603585783403,1.8903952472753172
2023-01-06 07:00:00,438.41233489505174,31.348052370774717,31.259372177042234,7.830166373167328
2023-01-06 08:00:00,446.1619858872876,-4.9551955407956205,59.06296276042769,7.150387188506838
2023-01-06 09:00:00,156.50833715693543,17.24726940159028,76.8226551805997,5.934857629759347
2023-01-06 10:00:00,458.46216785684584,25.265432151397388,71.9198443059051,8.957267259261728
2023-01-06 11:00:00,316.34993246957794,5.347533227916319,81.7015545772515,5.832665178130454
2023-01-06 12:00:00,207.5982110151411,2.7253145834917225,39.45314680742075,4.669679999636108
2023-01-06 13:00:00,368.6815380124399,-1.636071021280614,33.57677070874424,3.4037074630576267
2023-01-06 14:00:00,266.7501445838519,8.057343060131718,81.58715401593571,9.404485057361725
2023-01-06 15:00:00,220.0944155550145,17.39377249235318,66.02922189446161,0.827154615243535
2023-01-06 16:00:00,367.28796393349694,-0.36624572878969364,41.76502510052879,9.308873720608084
2023-01-06 17:00:00,161.92586949362956,10.06781447947195,71.96436354007564,8.267146599310184
2023-01-06 18:00:00,198.61363805859435,-4.6371038138910015,77.05828691362575,1.299299245357013
2023-01-06 19:00:00,245.5033300197221,27.74717681999367,63.04847682387926,5.649843576752536
2023-01-06 20:00:00,164.15697824291243,0.13794872372765443,68.15188769159406,8.66547981749087
2023-01-06 21:00:00,232.3409390516377,6.333717930623264,46.268193310986646,5.718091636071537
2023-01-06 22:00:00,307.1628613422548,-4.262891250471301,57.70869671401274,9.071998215606223
2023-01-06 23:00:00,383.43823740980076,12.289631355700493,56.69114195083136,9.429838168160424
2023-01-07 00:00:00,395.23768389885726,28.60486010964875,79.36334537915403,4.223845221843058
2023-01-07 01:00:00,420.2556583445119,10.686048457807864,78.79747861975278,3.773136614063236
2023-01-07 02:00:00,384.89524562448406,2.179892936953336,78.28763285429302,9.363211539691568
2023-01-07 03:00:00,356.46774219360907,25.14795336202077,20.772212998372606,6.751400611496681
2023-01-07 04:00:00,156.87791208161147,26.552279274829772,72.46818391282218,1.1602268134816929
2023-01-07 05:00:00,230.1003017924112,1.9501390123026718,73.10734730777034,0.42291749222681196
2023-01-07 06:00:00,264.97170089610245,25.834164341639593,67.48651759985992,5.646290509972632
2023-01-07 07:00:00,87.3010947620094,32.89191553025352,72.93852605240168,9.301709654384245
2023-01-07 08:00:00,287.76655458374415,1.6551034772908935,78.93792600476961,8.442487024058185
2023-01-07 09:00:00,246.3511242229502,25.839371701285422,52.922333787125,6.758477464643365
2023-01-07 10:00:00,410.9491620620303,23.342880184105177,55.1435149441913,1.3911584889108752
2023-01-07 11:00:00,490.0553009394219,13.942955537403542,28.729983983797332,2.542313837486956
2023-01-07 12:00:00,300.20226738916307,-2.6831815776480683,46.97631181331533,8.755112265526162
2023-01-07 13:00:00,195.20887472491265,-2.0122232896858394,65.0355625938249,1.8280723665690046
2023-01-07 14:00:00,69.53035248417774,29.096586367945907,74.62798433030922,2.7843940825043454
2023-01-07 15:00:00,466.0894986006182,34.60593491002588,35.20463683838474,1.2960065119544195
2023-01-07 16:00:00,463.60207187539675,22.042090287470177,29.647602941146477,6.761082314144112
2023-01-07 17:00:00,163.8455755951585,12.838332280412859,66.41294031503446,9.439823053632097
2023-01-07 18:00:00,362.9350053979914,20.902945736076305,20.131591846743746,2.6896803159538596
2023-01-07 19:00:00,83.94554619039617,18.775834369141812,32.48608090151309,4.754066078500737
2023-01-07 20:00:00,124.79694435916382,10.344490416224872,22.03499662407676,6.343397397112042
2023-01-07 21:00:00,147.56409796392106,-2.374954217039482,31.681958249840964,9.994662482156308
2023-01-07 22:00:00,182.52227607774344,27.860517896297637,32.69234959478537,1.0480806499757211
2023-01-07 23:00:00,498.1241187632168,9.873341169548983,47.13715163252759,4.9857079950570915
2023-01-08 00:00:00,363.6162751387167,27.75142573428375,48.16289872805892,3.8512011990250006
2023-01-08 01:00:00,222.89082412064897,5.100349987535289,81.19837294271665,8.658201652223552
2023-01-08 02:00:00,381.69531762935867,-4.958820806174664,55.707679874917766,4.759677310116559
2023-01-08 03:00:00,461.86445375109787,1.3575313310702608,70.63833359286004,1.109775245851481
2023-01-08 04:00:00,481.41608333353076,13.741576670743374,27.28961505442012,6.344241452865837
2023-01-08 05:00:00,76.03875399096833,32.77214539831319,35.78071288245857,7.707806182638798
2023-01-08 06:00:00,227.53480937365845,-0.9122552122512406,69.20604086850737,0.028812516656145926
2023-01-08 07:00:00,98.04022967114797,29.16839097846264,23.696277232796966,8.589566854206295
2023-01-08 08:00:00,201.04702915863345,16.080963848474482,54.06183635706272,1.8602300000566563
2023-01-08 09:00:00,126.35595675300449,28.036830631995862,61.95582759640537,5.520693646533779
2023-01-08 10:00:00,341.08176275092575,6.9349772395997045,62.15019508367367,4.157975006874501
2023-01-08 11:00:00,224.72077279544249,28.597886586898873,21.605296788762942,7.196538166105304
2023-01-08 12:00:00,153.22763556722734,25.91291120067218,42.54756029604299,3.711616147857418
2023-01-08 13:00:00,169.67206623390754,4.202147321257357,64.55434557344078,8.697631766817107
2023-01-08 14:00:00,212.15529284237073,0.25340505637512223,30.42998153044704,7.304963609587903
2023-01-08 15:00:00,166.9774382844182,29.722172901291714,68.67909538296372,6.477131710629215
2023-01-08 16:00:00,253.95838107297396,33.529466137605276,72.21476461695721,7.962405955628543
2023-01-08 17:00:00,64.54217799934271,-3.7479074500993503,88.73784333123017,7.5402303492838225
2023-01-08 18:00:00,175.89357822602557,24.250802678947423,34.68893963994866,0.3593867492155334
2023-01-08 19:00:00,235.0430243924838,31.380980437912736,77.75914673662807,3.9473435384482816
2023-01-08 20:00:00,321.25184691048435,29.294403683699947,56.42076038430579,9.308072973164897
2023-01-08 21:00:00,171.93093913180846,33.580818890808345,46.14238173009214,1.2572426899222622
2023-01-08 22:00:00,109.93330635068736,25.40376313752389,28.566373012762455,7.3709655043205125
2023-01-08 23:00:00,84.29017081962341,12.69195049523641,71.48539245412763,9.745918113353296
2023-01-09 00:00:00,473.2393222109225,7.478079619805218,36.5100319400581,0.5219862904497163
2023-01-09 01:00:00,237.48757598231563,7.829709617525098,45.9995401311132,6.821938806266105
2023-01-09 02:00:00,311.52317953137185,23.97690690456468,24.37795588281579,4.681541413010304
2023-01-09 03:00:00,463.6294483260018,24.833480481238574,76.09568410736634,5.791752553747221
2023-01-09 04:00:00,87.23678901588777,3.014365741948506,73.66119667801503,0.8534133648432485
2023-01-09 05:00:00,444.4976686666067,29.72491253962124,71.35310810296187,0.4300695186693948
2023-01-09 06:00:00,298.2145426448315,23.596961608089906,40.96104573443207,6.668666605509217
2023-01-09 07:00:00,124.17541751165042,17.510011453735306,32.14360519861701,8.23309429820718
2023-01-09 08:00:00,235.06480246341607,13.86129840410051,64.62872851291608,7.820153349329672
2023-01-09 09:00:00,399.9210276808515,16.729312231598325,54.731646887925365,5.438057278662374
2023-01-09 10:00:00,266.1665368398596,1.3698295311705788,32.47767268332491,0.9986682113617817
2023-01-09 11:00:00,493.378722799477,3.148049971050968,68.01378897349046,6.880444438360138
2023-01-09 12:00:00,219.53253647207333,-1.3534203837523329,89.37885022749126,2.4188888355414595
2023-01-09 13:00:00,387.3102349892324,1.146321526444507,72.30537114194264,9.110687027673837
2023-01-09 14:00:00,226.8452520404866,13.147745384211307,71.79904706799283,8.382653595457048
2023-01-09 15:00:00,423.1238993179315,16.214175749130245,86.52189270514143,7.093829670873909
2023-01-09 16:00:00,306.08666112458644,-4.285524300867225,34.20554573024315,9.488459558311304
2023-01-09 17:00:00,78.5803233155006,26.871913114561103,59.588497544500825,0.3142182151127293
2023-01-09 18:00:00,66.56984043619612,6.766718933739115,88.57527005237185,7.36200425060762
2023-01-09 19:00:00,110.23345346028493,31.473441398396442,31.57058776791222,3.3024277933640533
2023-01-09 20:00:00,56.15238417214878,33.70045054455111,69.01763716111647,9.060658856863652
2023-01-09 21:00:00,83.91157715860804,2.4183549870661736,61.006710218033135,2.666751966619776
2023-01-09 22:00:00,361.2714787260104,13.483891630626426,61.05353645320949,7.24856499315017
2023-01-09 23:00:00,290.45582376325837,-4.9507265933429645,68.83694392640525,8.776470196507814
2023-01-10 00:00:00,387.45983726148734,18.933090604897078,85.0731846012979,0.41656818382682426
2023-01-10 01:00:00,460.92458851593926,19.29225793050685,74.78073578959366,3.9764757959203614
2023-01-10 02:00:00,313.3172895464624,4.9015982241350065,23.9295272391347,7.6230903202193865
2023-01-10 03:00:00,376.7543798323316,17.336506903327916,79.69096139129978,4.54918889507587
2023-01-10 04:00:00,390.68654091910514,4.0216056977494175,35.787893094801284,2.672526297935953
2023-01-10 05:00:00,220.0327471741039,1.4330187631276026,46.38399153154604,2.1980534882319
2023-01-10 06:00:00,158.48817454833434,21.06077867209059,52.32129695286675,1.3151826691637791
2023-01-10 07:00:00,142.2703978279362,8.037018558082995,53.663420052714876,8.571295598562823
2023-01-10 08:00:00,163.14909778030932,18.610557555424897,50.46262794787498,5.753554032515559
2023-01-10 09:00:00,173.62930866165894,12.329869958866224,85.61473059511052,0.7638494499145598
2023-01-10 10:00:00,143.2524420536254,34.37405629611616,69.42133053648172,3.8258032357063545
2023-01-10 11:00:00,445.19930036563653,0.9832257067026307,64.18194521696944,3.677336508051099
2023-01-10 12:00:00,390.6496094775029,13.583943865432406,23.48894194480591,1.8173919070946298
2023-01-10 13:00:00,71.10341050604896,22.21826505437301,83.27393311822622,4.355076254721907
2023-01-10 14:00:00,170.90261691138832,10.821803355198746,83.65731344058773,3.3209936539313647
2023-01-10 15:00:00,59.98313391363573,33.9879940748276,74.61491444010716,3.4180370549218253
2023-01-10 16:00:00,274.1743339906518,23.875505117077402,20.49204426695334,7.390265577879587
2023-01-10 17:00:00,264.2948135550564,21.279354302579723,24.009617575433634,2.2326338550519633
2023-01-10 18:00:00,424.11717052812554,25.282370704448933,35.765659158794286,6.418599588553554
2023-01-10 19:00:00,188.49975789697226,33.10594552154868,29.194458570143468,5.706496238809349
2023-01-10 20:00:00,417.37358084587805,31.312746119385608,47.91852207926106,5.680925123378673
2023-01-10 21:00:00,485.5881944479204,23.971412325056477,84.58361406614527,6.630073461417759
2023-01-10 22:00:00,89.78370051454095,24.966465564051322,53.04423039378988,5.483820361956539
2023-01-10 23:00:00,406.3180277613348,0.8368829614058182,20.938183850251594,8.792551148463847
2023-01-11 00:00:00,315.4801537119362,-0.8883038202933724,39.79219827051334,6.755800919502598
2023-01-11 01:00:00,266.0206851583138,17.83618007376657,23.121643586107307,5.469632513713881
2023-01-11 02:00:00,239.2411003992838,-4.2652945223784,22.540133582945153,8.297631202876449
2023-01-11 03:00:00,403.1007187749393,14.294255262063661,39.300389716688656,6.061465649334798
2023-01-11 04:00:00,337.71261063840905,3.413983196754744,39.29286370752618,2.9114424778517902
2023-01-11 05:00:00,412.2701003837129,8.840662705793584,75.09886218211228,2.0709491817657124
2023-01-11 06:00:00,456.4179764044818,26.032189431718244,88.23842569467783,1.523277856626788
2023-01-11 07:00:00,327.7686704437814,32.64950016929546,45.98449657229988,8.994552125461016
2023-01-11 08:00:00,491.20822629157004,-2.10334911414634,50.0220815202727,7.101354317980658
2023-01-11 09:00:00,323.63953229384833,16.369688239057805,79.1352605400215,9.373784381643208
2023-01-11 10:00:00,336.48994473002716,30.301339432784,38.769731406685935,6.0329180571494305
2023-01-11 11:00:00,299.66702384400156,-1.699658622383149,30.946726308241356,4.734008814949125
2023-01-11 12:00:00,90.95094097309862,27.980561875873352,79.71627363825553,0.5971648897088933
2023-01-11 13:00:00,376.87866469260274,9.312054037130855,23.255041050804586,6.716422815460298
2023-01-11 14:00:00,296.3508381046002,7.8837880887734135,63.3789608139591,5.822087597682311
2023-01-11 15:00:00,252.909701337247,34.09865545259143,59.339499322676474,9.902088935876215
2023-01-11 16:00:00,459.71207528147283,3.034363594491767,44.214431325118596,2.3915877778224304
2023-01-11 17:00:00,184.08175319387772,22.727757632907238,42.06326647681513,5.307373552868358
2023-01-11 18:00:00,285.621024206755,27.85762912039466,74.0300408327135,6.509573351180727
2023-01-11 19:00:00,363.9388421720585,-3.352660188829133,26.049722753378255,6.445911747423436
2023-01-11 20:00:00,408.4122990532448,21.81541833417649,36.57490165179698,5.612935429484027
2023-01-11 21:00:00,256.7060635757776,33.061998974213076,71.27141122866628,7.769280103272255
2023-01-11 22:00:00,428.94113675841936,-0.031201330877626,58.3824408608497,2.049812095268164
2023-01-11 23:00:00,396.01298359192884,30.848852107401534,28.959174597351048,7.256272002744159
2023-01-12 00:00:00,79.80619003333963,18.791065495077444,81.7494929997442,6.197345714330892
2023-01-12 01:00:00,70.63756988208483,19.66418327449896,47.54134925945141,8.960751117945733
2023-01-12 02:00:00,329.3625579899411,19.51776699462424,77.9507862725521,8.471944390335818
2023-01-12 03:00:00,206.3360337014364,6.9534354534925535,75.1399110869396,3.1514703913255326
2023-01-12 04:00:00,144.1088559853314,32.40807261197838,63.709781253020964,2.7623732497515308
2023-01-12 05:00:00,310.84247051228226,32.89401850524155,54.613679190656505,9.816533238524478
2023-01-12 06:00:00,203.70344470544526,20.012186408557913,88.56855882672298,5.272651809152565
2023-01-12 07:00:00,291.76853752133155,26.336909037664586,30.14755506658719,9.064209639144368
2023-01-12 08:00:00,257.0536215426074,19.49031943524632,70.76090092857804,1.638810237804822
2023-01-12 09:00:00,313.14474767711914,14.375937902961624,33.38334910253523,6.428189148001743
2023-01-12 10:00:00,230.1352200096266,21.432804731970027,43.67841737326439,8.098601873605862
2023-01-12 11:00:00,363.9504081636193,17.12005810367834,41.60891203612367,9.473952495864468
2023-01-12 12:00:00,131.03027255718433,18.899034505277204,86.29251914171061,3.373401410170235
2023-01-12 13:00:00,363.4256598021855,26.35330213675448,87.71493244517926,7.249811699240524
2023-01-12 14:00:00,235.24754646088766,14.236153257959394,32.811081096430904,5.38813009039619
2023-01-12 15:00:00,443.4429221844877,-3.3698357563010894,21.54246122082529,0.6062892606646819
2023-01-12 16:00:00,281.8562246888949,1.5599792395798895,70.40056277641791,6.899997373089434
2023-01-12 17:00:00,487.89965717154695,12.544288659581536,49.259295370933906,6.900965582378435
2023-01-12 18:00:00,320.8709279934321,23.993062394962333,26.218817156129507,9.30606804846537
2023-01-12 19:00:00,150.73207965784425,18.73114593240715,67.86278739039298,4.973124461689724
2023-01-12 20:00:00,419.8057865800021,21.011767434938157,58.15738697824898,2.302509207105147
2023-01-12 21:00:00,205.28718252007403,14.171157143051492,88.63617754007743,0.4456382344867915
2023-01-12 22:00:00,206.42864651720757,19.62968087768971,35.918664710296525,4.156421866859057
2023-01-12 23:00:00,64.3121066683243,8.160697512586488,48.278451342858375,3.019167000775018
2023-01-13 00:00:00,296.9218891433339,13.807303707866602,57.9782062376796,7.610883060238756
2023-01-13 01:00:00,290.49057667963535,24.771162623798226,75.41899919173461,3.542677648410466
2023-01-13 02:00:00,210.19616792239376,29.873311158924846,58.41870597040411,9.490711963148438
2023-01-13 03:00:00,452.3977683031666,12.346213358255556,62.90301126033644,9.623102029877842
2023-01-13 04:00:00,107.93677923483976,-3.2535336917055524,35.83029361129585,6.209085902177081
2023-01-13 05:00:00,198.54478098956994,1.4669017658721062,79.28431096619919,9.28660287014883
2023-01-13 06:00:00,194.71224410601306,-4.165554428338476,50.0041382879333,7.6085434451449565
2023-01-13 07:00:00,91.53076380293574,21.130520769493202,29.867173926523847,5.468596409751262
2023-01-13 08:00:00,266.5154273253319,8.292585014204356,66.49315401537922,1.8030793542277812
2023-01-13 09:00:00,359.50312269323734,16.6991454287747,35.12633172297153,4.5859794351384
2023-01-13 10:00:00,280.24565609626757,14.731073871351983,26.82937571675098,5.608744633626176
2023-01-13 11:00:00,120.63995722228718,-1.7389404179029322,80.33908358829906,8.639615807350102
2023-01-13 12:00:00,219.77868435893265,11.130454444953273,52.21135851419078,4.813333765356649
2023-01-13 13:00:00,51.16776097264095,3.822444996892931,72.44985988870435,8.976746726779567
2023-01-13 14:00:00,440.73549816601405,11.735991546706108,40.34112918644485,6.743489790234689
2023-01-13 15:00:00,88.03265345630687,3.143131213689707,75.08790944423664,1.3699906305367138
2023-01-13 16:00:00,318.77513701494377,28.61809625107734,27.835514891507124,9.94981369325093
2023-01-13 17:00:00,493.8156481400668,1.9677334631301457,44.91813616563969,5.272326607539126
2023-01-13 18:00:00,291.46579069429964,33.431222059479076,88.464327258147,3.9185829640907888
2023-01-13 19:00:00,465.8187915983449,11.636294645877632,75.57928014576042,6.591137644695265
2023-01-13 20:00:00,156.25243990283195,28.849811680761974,54.80791512202817,1.0889331398103907
2023-01-13 21:00:00,391.97993402191355,20.150592728237804,43.78442300933196,6.365386467533543
2023-01-13 22:00:00,289.0695892880903,24.414011946630104,81.04949900157335,4.98236000499273
2023-01-13 23:00:00,374.23222762615916,25.70895552267121,58.13934313591609,4.066740699985831
2023-01-14 00:00:00,78.05361313005865,15.193795275720712,73.08975125083778,9.530200211788992
2023-01-14 01:00:00,116.48259135780201,16.732020934531533,72.78753762213148,5.225397167320533
2023-01-14 02:00:00,109.90261786436521,15.559834712348998,21.25619749979443,2.1911747946993843
2023-01-14 03:00:00,359.224477431499,18.52233512360317,28.837764795482943,4.589634793772986
2023-01-14 04:00:00,429.99830268513296,-3.8242221697397083,66.17405564763196,9.193874045726727
2023-01-14 05:00:00,387.32730440386433,10.82060679396061,31.313386790011002,1.7609547133059467
2023-01-14 06:00:00,63.71246873011737,19.24754854244686,37.88453412589233,2.139570386882369
2023-01-14 07:00:00,440.2467414836255,18.908942610234575,86.2646567939725,0.1302956775708375
2023-01-14 08:00:00,209.36600185690645,26.718243784225262,59.21275808624383,0.1419004939576718
2023-01-14 09:00:00,228.7237246268371,21.200373553284344,72.5510654899543,8.293916269585125
2023-01-14 10:00:00,97.1911249396164,34.685332653626894,59.058651714784794,7.321226068429558
2023-01-14 11:00:00,381.8323427422186,6.354181144345801,58.675953034790766,3.5504105645195825
2023-01-14 12:00:00,132.02774531418112,9.366041186649259,26.590633708798855,6.983111572275727
2023-01-14 13:00:00,303.78429140847635,10.353886074711852,44.056423482637214,3.9520592630997022
2023-01-14 14:00:00,428.319493645069,13.63251228080994,39.77016290805582,9.528967959978274
2023-01-14 15:00:00,90.14194792042528,28.43992255124838,47.350985592952924,9.670526814260349
2023-01-14 16:00:00,290.90100380698556,4.431683758368394,75.88409317570299,3.927937758093434
2023-01-14 17:00:00,154.94738519741054,26.04000828141718,46.03528675418054,8.54221906340868
2023-01-14 18:00:00,204.31708892521712,11.212407323429737,51.61877734621779,7.7308904169746615
2023-01-14 19:00:00,263.28647364375024,19.07421534648034,47.81669733397216,3.0999993717178933
2023-01-14 20:00:00,209.79693647568715,20.301621329052246,26.538558038270693,2.3203982890110595
2023-01-14 21:00:00,341.9702781312092,9.913945487557378,50.87505107755486,4.582346503928338
2023-01-14 22:00:00,265.8119457894126,15.504608208232206,33.692649113116055,7.813488406144062
2023-01-14 23:00:00,312.88976812137616,11.52124698590788,33.0706307041129,9.601677847287455
2023-01-15 00:00:00,381.5701139277108,-2.2346885525352223,26.582527310398646,7.635790688665725
2023-01-15 01:00:00,300.98401967769684,12.486615552673062,44.966968189923534,8.5520698501837
2023-01-15 02:00:00,313.94094559734157,-1.1042642978579131,73.02373193525922,6.030643061705165
2023-01-15 03:00:00,304.00634413518856,11.20083196321286,39.35091834083772,8.35407830842126
2023-01-15 04:00:00,220.44768167808022,18.716735993271275,41.86443713198595,7.844208580034176
2023-01-15 05:00:00,201.85107524236315,18.17659597374003,64.98722603706965,3.769855419262801
2023-01-15 06:00:00,454.84132871525554,21.504851160332812,33.70885688108432,5.519903021207211
2023-01-15 07:00:00,323.3998500321078,-1.1895396818149484,82.7870551296474,8.047531219896948
2023-01-15 08:00:00,159.95891995909454,21.084929821217514,56.413336627608814,0.4605673418995637
2023-01-15 09:00:00,274.21146403202306,7.485922267857883,51.33220582241519,8.0807928235583
2023-01-15 10:00:00,198.6568165764113,10.961837845484443,59.0474134350441,1.7788812404902343
2023-01-15 11:00:00,470.16132069194356,29.319450156908232,31.62240193913368,5.14683617121439
2023-01-15 12:00:00,53.39046341033363,-4.63878383481799,62.943119704742344,8.082754395559377
2023-01-15 13:00:00,151.3997589706377,18.53650533362422,45.41705156438073,2.5382107815669483
2023-01-15 14:00:00,214.41056885332594,18.948559204004304,82.80304386752333,2.45807439306153
2023-01-15 15:00:00,269.5144103639321,10.866391053742479,31.81979446743803,4.027643984622519
2023-01-15 16:00:00,432.8678830262658,4.481114284333447,55.49357727058087,8.946427975776345
2023-01-15 17:00:00,89.54943104306474,4.3869615304620435,61.86788405583126,0.004427814372078842
2023-01-15 18:00:00,412.63919903351456,30.348386786430105,22.336852125046686,9.013830966419349
2023-01-15 19:00:00,75.0440702106389,12.680974951314301,45.45851873292982,1.5380702464160778
2023-01-15 20:00:00,429.0413158841817,8.235574519566878,71.2844664290583,9.90086376067482
2023-01-15 21:00:00,73.23596504353078,12.951102953256122,77.42642552142813,9.54846993038468
2023-01-15 22:00:00,58.20911664276247,21.775616058374453,41.92133963720976,4.946751895912833
2023-01-15 23:00:00,363.6326580648897,0.8302627297900678,75.90152906679259,5.127202478126281
2023-01-16 00:00:00,498.76499064577746,12.977353408549508,87.74291139723722,4.815493402758543
2023-01-16 01:00:00,453.47461833830937,18.515374844415476,79.98117552525659,6.354436456595226
2023-01-16 02:00:00,309.19928801254696,32.94333419405735,28.235079171152762,0.9072170223493103
2023-01-16 03:00:00,462.82802588848926,5.10111128301677,71.78112324598784,0.32617948341566505
2023-01-16 04:00:00,52.385002878922435,9.370029916649823,42.37667827083813,0.5770292841589886
2023-01-16 05:00:00,488.7802233253141,10.17434359689695,89.18911925884535,4.443653492415144
2023-01-16 06:00:00,270.836950666453,19.221526305795315,53.9751288211921,2.755479392194834
2023-01-16 07:00:00,375.30324347979905,9.269282121600067,28.57037288512587,6.220395623709938
2023-01-16 08:00:00,419.3876629190087,16.340477011987822,70.76298836191735,9.92442289374779
2023-01-16 09:00:00,373.3057718764491,26.271613193801176,42.61078388703497,3.8632317307646593
2023-01-16 10:00:00,290.76652942020974,23.215423764488143,89.79547099571631,5.738412541045133
2023-01-16 11:00:00,264.4787678568854,12.854745860503423,88.58477204981654,4.156038959073355
2023-01-16 12:00:00,427.3621514161811,29.568647106966758,65.92938126144065,8.472716677218594
2023-01-16 13:00:00,142.2849020672566,17.325609983754514,29.08785142662023,9.022364034622381
2023-01-16 14:00:00,485.5973299269054,16.5962335800885,68.08026983725203,8.7735561220526
2023-01-16 15:00:00,369.9286154765367,-3.632489362433673,26.512134052201905,9.743722386792577
2023-01-16 16:00:00,139.77811730224388,34.46771921428646,22.05549113716746,0.2751918514041529
2023-01-16 17:00:00,381.3112326643197,-0.08116765881493126,77.60709123550403,8.39816162145531
2023-01-16 18:00:00,288.4280104315025,4.245236497105864,34.682706337857695,7.5177217303909325
2023-01-16 19:00:00,368.25354304,-2.9321265103389216,46.53189883533682,2.2869440940036476
2023-01-16 20:00:00,395.50077564927744,20.600118673476548,88.14201729833212,9.563200933875276
2023-01-16 21:00:00,89.28058081535394,3.9880470789072,43.57883513027723,1.4817792822994547
2023-01-16 22:00:00,277.74678036170616,2.20041749890894,40.75428468983207,6.795499271339084
2023-01-16 23:00:00,469.40645401562034,-1.4577766310703444,84.27455997359426,2.248902168159125
2023-01-17 00:00:00,194.2889864717814,-0.8676417150393734,27.75239117232707,4.313806487740747
2023-01-17 01:00:00,317.24739390105447,18.38682801770355,73.17076870802423,7.191598969445689
2023-01-17 02:00:00,216.15371667945325,22.52831463466382,89.16458966569418,5.633246420330467
2023-01-17 03:00:00,254.42058749859484,10.89515953857604,83.09072075422542,4.275018313281117
2023-01-17 04:00:00,296.87140307216896,14.19588326368293,65.61675430944982,3.2633843093198722
2023-01-17 05:00:00,297.0148909500398,22.438709439319364,41.98425564949124,8.396596557087904
2023-01-17 06:00:00,140.77870804860612,-4.3048083925808145,37.80253868248217,1.438143503148137
2023-01-17 07:00:00,358.05719654592497,7.925226282811142,77.34785734100228,4.301028765298001
2023-01-17 08:00:00,89.54065005919557,33.923909922813856,81.58753397661867,9.037575717751421
2023-01-17 09:00:00,112.47114804890917,18.204489187818723,56.7804438781985,8.458495504599677
2023-01-17 10:00:00,51.21990473644835,5.16898319589973,37.10379585505263,4.009417624730467
2023-01-17 11:00:00,102.5132288637566,15.869201865448526,27.90602458878215,7.6310836360130825
2023-01-17 12:00:00,262.9247904733515,8.706139524836614,26.10256274822818,8.231608307088592
2023-01-17 13:00:00,322.7458464751274,16.289799553051964,70.33542131476989,8.888874240036298
2023-01-17 14:00:00,407.4302524849081,0.029660472265953253,49.408310949340745,5.44505769049228
2023-01-17 15:00:00,98.01466255104623,0.30858615277109536,83.37519119945092,2.044608860547118
2023-01-17 16:00:00,432.8273570074046,0.7416944815757143,71.77699105087346,2.5530907650393164
2023-01-17 17:00:00,385.6885364969232,32.59279167707367,33.38822925402107,2.956946740416042
2023-01-17 18:00:00,233.8332318211626,24.31595673365367,62.96441931709893,5.938024808096155
2023-01-17 19:00:00,469.8221301949796,1.4952757864928357,50.48538180787116,0.3280962412860844
2023-01-17 20:00:00,495.91826440582577,2.5339633506240578,60.40748115380291,6.360424687799683
2023-01-17 21:00:00,142.25081452395676,24.233178994835054,71.6648386336962,3.64354238428232
2023-01-17 22:00:00,220.65286323371018,1.2465537916869573,76.43371167026535,2.9524180248964216
2023-01-17 23:00:00,466.90224061537003,4.382451733393147,79.0616128484707,8.794965707281264
2023-01-18 00:00:00,374.7184478380747,33.53387331281596,37.77824122004173,4.600023955807989
2023-01-18 01:00:00,71.64258978383945,5.212260989137274,22.178091994215038,0.9505304553269278
2023-01-18 02:00:00,401.6815167881367,21.46529401484587,71.75063146153413,8.26746768026247
2023-01-18 03:00:00,422.57339922987137,34.14525149602122,27.44406083790422,0.476412574365066
2023-01-18 04:00:00,387.7258661443911,9.971870685591707,42.04437120290773,7.267492241681967
2023-01-18 05:00:00,409.79170891378203,-4.2993603655175106,20.2671993887043,7.7390622177066515
2023-01-18 06:00:00,421.30970451175875,4.7658916168949705,67.7168637681134,3.526026059288582
2023-01-18 07:00:00,133.88224405466485,28.235087653668216,31.69924080298549,8.247878562777867
2023-01-18 08:00:00,156.0612857292499,29.584353438201468,65.86976867841608,5.156594058564535
2023-01-18 09:00:00,335.1913536740798,25.740774580951648,89.42198320174872,4.632936532727968
2023-01-18 10:00:00,458.5397587081322,-0.47560723693707896,25.08696101270114,0.45403281468692547
2023-01-18 11:00:00,192.28846203342258,26.820414867856126,25.395460836602247,2.900291936489059
2023-01-18 12:00:00,314.7380041077755,31.74711187974017,43.826606486667245,9.310099708852999
2023-01-18 13:00:00,357.3419285377096,19.024381701849443,80.64705599759394,3.918239632835
2023-01-18 14:00:00,253.37687058456765,32.63501425352259,35.08709081539323,5.467005205567683
2023-01-18 15:00:00,371.2021046848967,28.073555348475097,45.22644739512433,5.320216789842518
2023-01-18 16:00:00,454.8503503814779,21.67886067963629,24.79537846388857,5.9043108982269334
2023-01-18 17:00:00,330.84569488182694,18.087409468469925,73.42087038812225,0.6133095564328261
2023-01-18 18:00:00,292.90147786158485,8.94294668967882,48.58144399316158,3.6217625479872826
2023-01-18 19:00:00,247.43510392475258,1.3714978097122055,73.147411314259,7.231282738825541
2023-01-18 20:00:00,309.86882190775657,19.198156907621634,83.25254910427566,2.005602510729829
2023-01-18 21:00:00,209.91310331827813,7.72446214472478,36.293420297090215,2.0357837754636043
2023-01-18 22:00:00,226.16694959067587,29.657546701105815,76.51772212379659,0.10090606689024728
2023-01-18 23:00:00,289.3358658596783,34.73347749434514,24.136572305477728,4.374819266082097
2023-01-19 00:00:00,79.97860057586763,25.0971105046229,82.91931717261731,8.82734380673422
2023-01-19 01:00:00,153.06142591615836,-1.3807321885179702,65.55379832911231,0.5190094358730901
2023-01-19 02:00:00,294.282189776034,6.547423821225524,81.19587068968461,1.9111870949600263
2023-01-19 03:00:00,244.18766441139917,-0.635614729370011,20.013187968960732,3.1008453834275507
2023-01-19 04:00:00,199.76710366061792,21.02046591166863,31.835674924919477,7.317247365642129
2023-01-19 05:00:00,378.7471115641857,25.607634582231388,47.283157119854444,6.4063559280258655
2023-01-19 06:00:00,362.1729233315023,32.026993235228474,46.5652032362303,4.159439045818551
2023-01-19 07:00:00,125.02884199702243,12.526893856479507,35.87112680464575,7.590689392583757
2023-01-19 08:00:00,445.3831019180472,31.05502598353777,46.712835790704005,6.096310116569019
2023-01-19 09:00:00,272.94063188178455,30.115646361653102,29.019409840017836,8.96040799657219
2023-01-19 10:00:00,383.65741001257044,7.687828670615944,48.89327904862182,8.18026749138693
2023-01-19 11:00:00,307.9178821658249,29.75602502162284,76.16480304114849,2.5281360608920056
2023-01-19 12:00:00,498.9616771657295,10.026890075269058,53.534904417234586,2.7143857763420023
2023-01-19 13:00:00,388.5814040174702,6.874770982411231,21.26000622616505,1.2535647579238562
2023-01-19 14:00:00,368.14120755955656,20.962986351775722,49.50108291054732,3.369647257174565
2023-01-19 15:00:00,400.35737257283796,8.135249115403242,21.90225112635909,9.995439187190943
2023-01-19 16:00:00,114.40759349681133,20.208349933165767,87.63703874947588,4.05751168615061
2023-01-19 17:00:00,142.04506692625847,19.393272219947782,28.92177715960083,2.204884346891064
2023-01-19 18:00:00,371.3288370006264,17.537557093938354,69.53818284314332,7.62482884475553
2023-01-19 19:00:00,272.2916692088882,10.216788169311908,88.094342602446,5.42471003462656
2023-01-19 20:00:00,389.58588133705246,16.93998886605907,77.82273361666003,1.4960144952695253
2023-01-19 21:00:00,96.31221383486526,18.859418999416864,68.95207625883425,3.8068968116086577
2023-01-19 22:00:00,291.4166081680676,16.827475539818938,78.76226366505368,4.144697155393433
2023-01-19 23:00:00,220.46970450061207,12.776778110048062,88.72590852824393,7.538297005692186
2023-01-20 00:00:00,255.65009867675525,-4.413317718149448,63.49411480774707,0.20671368891904462
2023-01-20 01:00:00,321.7810424326306,18.482468308046037,59.14293647805285,2.690196467983105
2023-01-20 02:00:00,276.02975635813857,1.7377754057087857,63.976667732429696,5.17596301315522
2023-01-20 03:00:00,292.9372867007765,20.703038757887583,57.28731207330885,2.6884674245284335
2023-01-20 04:00:00,268.8608668980235,25.37377311691464,64.45623741368031,6.284340474189989
2023-01-20 05:00:00,234.02982968847195,15.01781236522966,51.48895455807915,4.818674792746166
2023-01-20 06:00:00,397.3468912692103,16.694546599189533,35.291022801831495,3.617102548595806
2023-01-20 07:00:00,55.49138254312003,33.05914238663965,28.417305855817293,9.492086268705123
2023-01-20 08:00:00,319.29921554235216,28.88669445490297,24.78386548725823,6.321594991864574
2023-01-20 09:00:00,304.4787562953382,31.569460638058796,38.432104862724,1.2994137226794122
2023-01-20 10:00:00,372.28058362982847,27.550651532783455,23.22864950350137,5.600916974433955
2023-01-20 11:00:00,319.5632141497969,-0.6432663261307425,59.70195459435699,7.80731853200901
2023-01-20 12:00:00,422.05947251408526,0.9596742388077883,39.86799129164642,7.0848969749279735
2023-01-20 13:00:00,481.5836575538125,16.064951890758383,77.71743656609225,1.7208922929525938
2023-01-20 14:00:00,204.13591573034452,4.84278635191993,25.19686110918705,9.724199990401033
2023-01-20 15:00:00,152.30794236349416,14.067819001646367,35.84460460390402,4.48813645746606
2023-01-20 16:00:00,240.6185880892173,10.774612952734008,71.11723029631021,1.590250037402613
2023-01-20 17:00:00,179.56832741407675,16.976569537218133,61.9165807468444,1.8019575412814792
2023-01-20 18:00:00,326.7276184186945,24.87502864543291,24.514388987441727,0.982349921890805
2023-01-20 19:00:00,460.3335839793341,23.619636283970976,81.40676200135402,8.035181084349343
2023-01-20 20:00:00,112.60228736437784,15.849365299413375,81.40832339783256,1.2203049432184865
2023-01-20 21:00:00,95.35757135714893,27.895736752682325,43.12856027130417,1.2512525714174694
2023-01-20 22:00:00,165.206989334148,12.234483661521335,43.82840903446953,8.504716147608377
2023-01-20 23:00:00,376.74301372808037,30.868571593604894,89.23198508451217,3.446040844475596
2023-01-21 00:00:00,316.8333073664697,-2.1487891977934437,63.832332011519675,0.3085790430807245
2023-01-21 01:00:00,95.99569890133982,33.1864012013323,57.19215643976414,0.5189529951841088
2023-01-21 02:00:00,463.4377350173359,21.18772325725393,78.67065284863472,1.4217044670389556
2023-01-21 03:00:00,405.538086705839,10.202980357488212,39.97032368501215,2.1339334797568954
2023-01-21 04:00:00,60.36017215443688,2.8861650629150937,50.042781537744986,6.651461942384054
2023-01-21 05:00:00,343.11524494471075,14.167329177743998,38.74436728418339,1.5732628000182824
2023-01-21 06:00:00,397.0610008338821,2.782332927412039,75.2412592612112,1.18874391177072
2023-01-21 07:00:00,218.4959163741899,1.653264309725686,60.13445419446526,7.6471914147627915
2023-01-21 08:00:00,81.01469271524846,19.69407029651897,66.11775490980493,6.710552838599144
2023-01-21 09:00:00,84.79447946995427,15.923388983271387,37.66150748875846,4.3532422145523615
2023-01-21 10:00:00,96.91113472331428,21.803841384437668,35.41577109641206,5.493097714801039
2023-01-21 11:00:00,428.1978343911903,32.18423509687957,54.18622402880571,3.119840203264185
2023-01-21 12:00:00,459.8087892150709,16.290408533561607,71.62960243649788,4.825004202353607
2023-01-21 13:00:00,105.26485183058021,18.237282130511907,56.76678302641121,5.066726489827458
2023-01-21 14:00:00,156.15771556778654,-1.4149464338023154,22.285197428196803,3.872372711780959
2023-01-21 15:00:00,124.4842296652804,23.70543143634518,80.79860544242021,9.065722106721628
2023-01-21 16:00:00,133.84439577235432,10.996208272166248,24.52808254605921,0.16061864981006146
2023-01-21 17:00:00,426.87085505112145,34.06900954650315,86.90771386045266,7.821712630912462
2023-01-21 18:00:00,199.46588569472252,27.92696062382641,21.75993707940909,1.2438283124132432
2023-01-21 19:00:00,190.14991882053855,15.899241620644734,68.61153192914962,7.975473605371994
2023-01-21 20:00:00,152.32802939470068,-0.07109383311335815,25.754494459824716,6.159119156767212
2023-01-21 21:00:00,323.5524772074164,29.376631731223565,83.74736056045977,8.432780909364023
2023-01-21 22:00:00,220.68756427349697,26.991243816960868,52.510326535787996,0.9751432564089746
2023-01-21 23:00:00,384.91234332948,2.3834051814813195,29.626664237191076,5.5898063409977405
2023-01-22 00:00:00,142.51091376903688,6.811131568812403,43.85709898528926,5.010878802621971
2023-01-22 01:00:00,404.5054499215216,26.736290325913494,31.537727274273344,7.061931829633586
2023-01-22 02:00:00,321.67468927856254,2.4091378618963866,31.940733808996303,5.3429055189367585
2023-01-22 03:00:00,101.42028502505948,31.710099566855092,86.36758241200096,5.407345671331042
2023-01-22 04:00:00,236.52706289163245,11.981097007854476,51.167227859935174,4.295959435760647
2023-01-22 05:00:00,438.58316327583066,-1.5184414964936543,75.21615847337517,3.0883442400734085
2023-01-22 06:00:00,465.3321043093182,27.629945740171237,64.77238928243773,4.822643612521922
2023-01-22 07:00:00,259.5650550434659,9.940387321535503,67.34984536368746,1.1849235876840059
2023-01-22 08:00:00,266.3766401400831,16.05996776615124,29.218540693042698,9.615133389830849
2023-01-22 09:00:00,463.3046262226855,-0.5078262235512332,36.392911277083996,7.144107636265983
2023-01-22 10:00:00,314.18070086145525,-4.896639406200705,75.07252346081059,9.524671166878468
2023-01-22 11:00:00,64.78100160954726,20.519408231731905,87.95363445323481,2.2672738232996323
2023-01-22 12:00:00,460.737258295608,15.607006813349265,38.38729498190562,8.79341020176528
2023-01-22 13:00:00,161.70189924071835,18.74154276492589,39.00981353257279,8.087899845635384
2023-01-22 14:00:00,309.93437934119623,26.749754015220653,53.10279929676334,6.771524124576737
2023-01-22 15:00:00,124.48099284258822,20.864236536914404,88.86882189988064,6.250291860852057
2023-01-22 16:00:00,65.24562211096774,1.9909377130950867,38.82712620785298,3.1654966526786996
2023-01-22 17:00:00,190.16292700974083,9.430900764423992,48.48803367439847,8.164107849650307
2023-01-22 18:00:00,401.22306839573946,31.235644191510413,82.40360109364548,5.015154614797338
2023-01-22 19:00:00,174.91422768323815,25.79778801006716,20.204472283495342,0.7089157589128536
2023-01-22 20:00:00,149.04374633649368,17.265482317468688,22.783617549199867,3.1286316085513
2023-01-22 21:00:00,145.70635295355183,5.225799912370892,62.285017394985346,9.352970985453275
2023-01-22 22:00:00,281.82815708306566,7.082420073391802,83.5166115298993,8.506802606048463
2023-01-22 23:00:00,488.99359205724033,24.27832270342538,36.719966228134936,9.819056980765392
2023-01-23 00:00:00,256.5450446076559,29.046970434110833,52.87492422764963,6.279933826040981
2023-01-23 01:00:00,300.78741600052155,21.856986781224577,51.53257111604728,2.47510073140412
2023-01-23 02:00:00,437.2844080508303,27.38119903073767,53.10799422668571,1.6281504967686378
2023-01-23 03:00:00,290.78137352014636,25.666245408016238,63.57637870108216,1.8691444060846163
2023-01-23 04:00:00,133.00829213848525,0.9881587182783091,52.882063409347865,0.19795658347254386
2023-01-23 05:00:00,184.81816029491466,11.95779251653208,51.32276989257205,3.9068211098593917
2023-01-23 06:00:00,189.4716168208749,1.1193520331425066,53.20018943018824,1.914276804995425
2023-01-23 07:00:00,228.79315195591906,4.409423392079392,61.36072088897291,4.116554604567025
2023-01-23 08:00:00,242.05500740153724,29.770384986042103,57.59052418459508,9.349944318387655
2023-01-23 09:00:00,409.9019099334212,13.915678625327285,79.7895198355353,4.3054020950719
2023-01-23 10:00:00,207.22414957219985,16.414324073706435,23.46477974455666,8.779844969848348
2023-01-23 11:00:00,260.7043227986207,2.1378386091108847,78.33219500311087,6.055047666158765
2023-01-23 12:00:00,331.23919417297355,7.490871441951841,79.07472288282068,2.471315546613919
2023-01-23 13:00:00,219.97667634807618,4.209846737114797,39.94356150716726,3.558547592592114
2023-01-23 14:00:00,426.4541659815498,3.2474465807370567,52.39963685110954,0.8391953582142941
2023-01-23 15:00:00,314.35412190533344,20.518431732638803,50.697694197620486,3.334625935960105
2023-01-23 16:00:00,182.3201056494372,5.2753539058285925,35.29568840478912,6.775409455035341
2023-01-23 17:00:00,371.3266399054227,20.28061944081674,47.77577929604215,0.7211109292943518
2023-01-23 18:00:00,287.4414785651536,-2.661815435657844,23.10714405195981,2.0540140847802935
2023-01-23 19:00:00,290.5051510657611,0.6709757410840744,39.44754509472141,3.814410414133115
2023-01-23 20:00:00,266.4895767744137,5.981610160005015,77.16775228155026,9.820495370159625
2023-01-23 21:00:00,273.65537696956204,18.881876675827666,39.91936112340283,7.848618229588801
2023-01-23 22:00:00,394.4103264798083,22.033649803495038,77.27446681237733,7.334867464921039
2023-01-23 23:00:00,96.34166569909198,12.708678671181083,57.21196252231016,1.1619095652544598
2023-01-24 00:00:00,200.46326508971697,12.831636583089159,81.5903874152812,7.809958936149915
2023-01-24 01:00:00,83.97651371175014,23.980674055944725,60.23456879850906,7.852688115160151
2023-01-24 02:00:00,388.96079933635286,-4.367156329376702,22.076775614531787,6.011026956243283
2023-01-24 03:00:00,172.53583462413474,8.643600978968822,67.27941452829624,9.903617819983719
2023-01-24 04:00:00,453.8436844184979,27.74828228476931,23.139749761649806,3.2525390592455192
2023-01-24 05:00:00,286.9603099966822,19.12877640853489,51.54179132881938,9.412724482418517
2023-01-24 06:00:00,410.3373971687545,8.489085310216815,85.05986861311798,9.147311149565036
2023-01-24 07:00:00,490.51914602718256,31.220991693186953,31.56427575364951,0.11480659749377842
2023-01-24 08:00:00,427.9049867554568,25.904909097975303,47.291064705908084,4.50116526474811
2023-01-24 09:00:00,440.14719200518556,5.595817889469337,71.09022161939349,9.771042330515733
2023-01-24 10:00:00,233.59302291418012,20.811593501028675,81.75809892663933,1.031213624080758
2023-01-24 11:00:00,298.2751678667029,18.83002912755827,66.96601033197555,5.477846943833194
2023-01-24 12:00:00,164.24985381948693,11.047516561559307,38.072127793381846,9.78957507041104
2023-01-24 13:00:00,138.25089486205377,9.678243168192026,67.22254970413513,5.554954241058602
2023-01-24 14:00:00,277.4785455977152,8.742418991028158,40.7709348772863,1.8981530297215599
2023-01-24 15:00:00,317.77204086518924,19.686231335825873,70.29004608731147,5.821832300925898
2023-01-24 16:00:00,202.67206065328594,12.69639745922678,86.78231893095284,2.0444057394954687
2023-01-24 17:00:00,306.24958299357513,28.27452453005688,70.49754157744017,5.197042628944843
2023-01-24 18:00:00,449.3572171310763,21.784104645358475,80.40163520386886,0.74042217912348
2023-01-24 19:00:00,300.5247131525147,-2.202735771622635,20.14726902231184,6.054826692144046
2023-01-24 20:00:00,374.36589333972796,20.60672895312664,70.23004873121161,5.167899391281582
2023-01-24 21:00:00,412.3917353110573,5.845897460007392,78.07112898056752,7.401613687614631
2023-01-24 22:00:00,494.92795187994926,18.712479666136907,22.8391116281277,6.30700471158785
2023-01-24 23:00:00,321.43883097964084,22.205277244138056,81.01184091017615,5.4960626853075665
2023-01-25 00:00:00,413.0825670331637,4.233167566160483,37.96859598170321,6.897788492481212
2023-01-25 01:00:00,483.1921933496936,13.274345795214746,66.57044713846386,1.4394191357223085
2023-01-25 02:00:00,474.984376509773,2.612994512762712,76.02484153163846,5.953596612586041
2023-01-25 03:00:00,113.4868319499711,-2.9064449685396676,66.38651591415488,1.7211060282277768
2023-01-25 04:00:00,232.8765387230849,10.139056939434763,26.459935445128007,9.255222078518809
2023-01-25 05:00:00,195.79552749805984,9.51777087383968,61.742506320225786,0.683341048456042
2023-01-25 06:00:00,89.1162567276572,34.81921962817028,58.470855970550055,4.303747496907933
2023-01-25 07:00:00,334.95834870993224,12.854094047905686,83.022488765199,6.957974776554448
2023-01-25 08:00:00,381.15707593820105,8.342781978888016,48.29678107509464,4.580222116682587
2023-01-25 09:00:00,431.6576429600976,18.219000268666985,42.47567679609351,0.9209525323290235
2023-01-25 10:00:00,105.24960034821882,-1.4493042356892616,72.48955351055264,5.533790161267074
2023-01-25 11:00:00,444.39983414388223,33.46662943819253,48.88727282583776,6.4163190882735455
2023-01-25 12:00:00,339.316503626414,20.398401823641326,65.22673225035442,7.037923109905076
2023-01-25 13:00:00,366.7757608123293,25.19351279763391,65.25150630872248,3.7325981446275893
2023-01-25 14:00:00,459.78080159313674,1.8191175269567017,82.16273450520825,5.636599710287622
2023-01-25 15:00:00,331.142571969463,11.379114120208156,61.90846816233682,4.506864749389131
2023-01-25 16:00:00,201.1396357174258,11.90756453584758,55.15075269733908,6.720560387522534
2023-01-25 17:00:00,421.2982991401969,27.872257756043474,29.72099284775619,5.835569673248186
2023-01-25 18:00:00,213.37664548779074,-4.950532809623622,28.101632467509376,5.2575621955913485
2023-01-25 19:00:00,65.4026498692381,7.034124334130203,30.802509569815555,2.4952436683824866
2023-01-25 20:00:00,423.79452795436237,34.24945497377215,32.02939369289662,0.020185177482339167
2023-01-25 21:00:00,205.336465196574,13.995461740248745,64.65139648645437,1.7408167531142926
2023-01-25 22:00:00,398.2255354406031,10.301051209760331,71.8686875192205,1.1706604142416865
2023-01-25 23:00:00,213.24105259967544,-0.20683991929414614,57.09940660484931,4.4908474501094675
2023-01-26 00:00:00,437.48060898862474,33.966585145120625,78.03124127818437,6.122581507618446
2023-01-26 01:00:00,148.77973628643142,-4.198945762967021,89.38842587135433,2.1308500868480817
2023-01-26 02:00:00,488.54626933949146,24.487209000289724,77.40088403835492,9.390570959671871
2023-01-26 03:00:00,400.89144865461384,25.743992191540336,68.64176615731714,0.06682129223887778
2023-01-26 04:00:00,101.40706666417857,4.746268642554665,57.274488960600266,7.723010151653429
2023-01-26 05:00:00,304.5994789849522,21.86233774452149,51.41971501722958,6.252047695304422
2023-01-26 06:00:00,493.41529050878063,-1.282834224824403,25.907466638117963,3.735548010476819
2023-01-26 07:00:00,261.97945371221647,5.281890657283195,47.95581238762836,0.5048894441240792
2023-01-26 08:00:00,131.94821246971247,26.5160795316906,83.70942457474939,6.274865717842793
2023-01-26 09:00:00,268.1502652176558,29.587447681341608,76.5615840934587,3.8561351286564802
2023-01-26 10:00:00,280.6059451468647,19.339456506391652,35.1235955508181,9.362671394132192
2023-01-26 11:00:00,383.7591249028995,15.273537272819304,52.66254492880511,5.419900748897659
2023-01-26 12:00:00,364.480633922407,1.372160824759212,77.17062417909813,9.396515112935083
2023-01-26 13:00:00,231.14751961864124,-2.4756386768339933,24.716918834986576,2.204836934733041
2023-01-26 14:00:00,148.11039837233892,-0.294038861057655,47.11748099680615,7.257259103641033
2023-01-26 15:00:00,340.2743754961983,4.094292003843951,79.62888658117633,6.172490208487257
2023-01-26 16:00:00,239.7667705489768,8.666980075876833,48.27285049190866,7.394082298313118
2023-01-26 17:00:00,109.52429500639867,10.236381020439488,25.43302513120086,2.146678639725368
2023-01-26 18:00:00,455.25753555637357,8.852870743560143,57.9774057972576,6.649945162377737
2023-01-26 19:00:00,361.04983592434445,4.562213287890624,80.32197464428067,4.98040393056869
2023-01-26 20:00:00,357.43273540046664,15.388969870067925,61.31998800672118,7.428249749063163
2023-01-26 21:00:00,420.1627441602533,28.01144432931587,35.83953757499623,3.2704464415181778
2023-01-26 22:00:00,288.3477553947865,6.188141538859169,46.89677340961669,8.900570254652525
2023-01-26 23:00:00,416.7744927811057,32.695480764089325,51.508635282735256,0.8430131461135038
2023-01-27 00:00:00,274.14083907995257,29.933466468953913,60.548644767436876,8.071893187911881
2023-01-27 01:00:00,80.22892996206954,1.4705684540843844,73.15457180268291,8.613196258150907
2023-01-27 02:00:00,232.36163961245992,26.45103827028378,26.92115323484448,8.172523113668213
2023-01-27 03:00:00,273.85920229095075,17.983495292710664,82.27564231122965,5.12726394261776
2023-01-27 04:00:00,374.0911617345331,17.663014486856742,20.861679211125292,4.383849800307614
2023-01-27 05:00:00,97.96042855790346,10.641710522326978,45.90366342719787,9.962622865248768
2023-01-27 06:00:00,113.00834239720204,15.04611996728039,21.919421698086037,2.291719512141621
2023-01-27 07:00:00,168.6577111855774,10.887151097168442,47.50819577417039,5.468759658760446
2023-01-27 08:00:00,169.924277016897,16.589304750397712,56.806881921132664,6.706755253823255
2023-01-27 09:00:00,379.48306030657807,20.118002110905433,55.817697060705825,7.00867635861432
2023-01-27 10:00:00,162.828797252719,21.972152256361937,31.593984291978575,2.040246657385787
2023-01-27 11:00:00,334.8941285108514,16.299247702377045,65.20183570669286,6.539940923398012
2023-01-27 12:00:00,272.42323256222215,23.856882693149267,23.134491535326774,8.183695664813373
2023-01-27 13:00:00,307.9824701807303,0.6511219710202321,73.33347740926908,0.5001857682111222
2023-01-27 14:00:00,427.1481334302331,3.479299636089541,86.26511037954823,9.115212933253165
2023-01-27 15:00:00,231.97167569706093,27.749400162970804,43.78381790057825,0.2950405514520593
2023-01-27 16:00:00,396.9101196789217,7.901119113856607,56.206756720003234,3.5597103248839437
2023-01-27 17:00:00,239.91622679780932,-4.08424700095519,46.52371946411701,0.15813196232962068
2023-01-27 18:00:00,209.24211945256226,1.1516459867212436,20.469727321284196,0.7714516853958187
2023-01-27 19:00:00,481.3822297909492,3.9445773798524497,47.011215202658114,9.11168285180079
2023-01-27 20:00:00,132.96691430553344,33.29291551578349,75.42041814829426,3.5486083074614783
2023-01-27 21:00:00,90.65163225992355,17.921657157233973,61.719218952843725,4.247715304250529
2023-01-27 22:00:00,396.9436664909653,32.30922961905019,27.088194023061124,2.1534438138255263
2023-01-27 23:00:00,80.71236740934121,18.006534019864997,79.29976427856495,5.9709577018671975
2023-01-28 00:00:00,426.68554581636323,14.174177605514071,57.175974141967,5.948032146777896
2023-01-28 01:00:00,246.73702836075958,7.549107647763842,78.92063532212732,3.7220039182521925
2023-01-28 02:00:00,461.9811547813613,19.254837777335023,60.61550631495206,3.3303487180539837
2023-01-28 03:00:00,374.6897875048575,0.5679209847011935,59.17819113865579,8.849643081805878
2023-01-28 04:00:00,324.6821001535809,30.93046509170824,27.368142963790866,3.8328423964220137
2023-01-28 05:00:00,477.18805867599457,28.173296205651347,31.715181319703955,4.935009921544083
2023-01-28 06:00:00,228.49221787342444,7.7012579150694815,88.04176795476138,2.833047624249306
2023-01-28 07:00:00,479.3391214428349,33.111901104051775,35.994072272833954,7.867695033571273
2023-01-28 08:00:00,110.75057483954312,28.008030696622725,88.42164825932575,3.9744815689909165
2023-01-28 09:00:00,267.68972386958575,21.652275433401588,57.233889456698435,5.136110465443245
2023-01-28 10:00:00,171.4600500764877,-0.12952355498900836,29.505233294475598,2.533571700596614
2023-01-28 11:00:00,292.92925050868706,14.129360921922892,26.951154192758505,9.876595923412518
2023-01-28 12:00:00,122.90624505121308,15.244302193870034,34.6204849494018,2.914957409237229
2023-01-28 13:00:00,428.6883471395195,4.302054334615204,84.7946131017735,7.707425309055517
2023-01-28 14:00:00,430.8835321915508,-1.8013842256279222,48.99051570297588,4.274956503567592
2023-01-28 15:00:00,479.85634072556553,26.068945218867707,47.68039875950401,2.062174050841399
2023-01-28 16:00:00,119.6024633974563,-0.11859791502419892,41.924438274912184,7.997187639648612
2023-01-28 17:00:00,330.49964790724584,18.771630022470987,30.294329539661188,3.3360678902904315
2023-01-28 18:00:00,263.4067889151663,32.45796695534642,54.14958380346845,8.651933473978112
2023-01-28 19:00:00,204.97267941990495,30.0442077039217,29.103344775779707,9.15257184917823
2023-01-28 20:00:00,208.19307251039848,6.110104949970445,78.48361654676293,8.598238353912759
2023-01-28 21:00:00,235.7570977730385,29.057945502050615,45.92778903927145,0.3500791480680565
2023-01-28 22:00:00,367.2164973600289,-4.986699755180424,46.23624974472575,7.873733450051056
2023-01-28 23:00:00,319.22872622066956,-4.292487615469711,53.180449993820915,4.113394664991439
2023-01-29 00:00:00,256.856680742509,19.102126553714598,51.088939921602616,8.73722920182225
2023-01-29 01:00:00,84.17003466632994,9.59192876578118,89.64005811415251,6.379542626847387
2023-01-29 02:00:00,84.99440483553069,10.458433646365886,58.17667848528117,8.336431341439583
2023-01-29 03:00:00,51.052725781600216,17.5776436271553,26.174119265290948,4.994317698668354
2023-01-29 04:00:00,485.4647246931889,2.671298223674423,62.4814139103851,5.3502550459893286
2023-01-29 05:00:00,52.36421835127321,3.470214026619134,30.610900500891596,1.4438763213366723
2023-01-29 06:00:00,96.3921857061852,14.384063480754588,22.165635131193937,7.839873586893554
2023-01-29 07:00:00,191.5684505642349,25.170141773754523,87.95195075740737,4.193896116669716
2023-01-29 08:00:00,413.3436133175425,19.779910056303507,74.14772240741948,5.000801182715826
2023-01-29 09:00:00,482.9444535938529,6.894201929473556,88.60762946896368,7.850977140957076
2023-01-29 10:00:00,405.5061014563352,12.213487100356847,53.45149136155697,5.988454000794389
2023-01-29 11:00:00,360.75210460053825,1.8265903419999363,57.25802718042833,2.0109872744266744
2023-01-29 12:00:00,284.58530033610623,-2.0148074265167315,31.783586914339114,5.902326591508928
2023-01-29 13:00:00,89.01734533798262,26.307841629765967,37.28351986673099,4.076328579796558
2023-01-29 14:00:00,481.17685685176866,5.615496367527784,78.69844504319798,4.6952554204386265
2023-01-29 15:00:00,391.27658627555667,2.1106555140499283,44.93299529823159,0.28311274402667785
2023-01-29 16:00:00,337.5272234004178,22.664722222772774,77.87704816574933,2.1002934951628163
2023-01-29 17:00:00,391.56613049248244,19.72206697148744,69.63096070009223,2.8103808138102826
2023-01-29 18:00:00,375.8464981729124,20.327585040538562,32.401964769030585,7.129600078588058
2023-01-29 19:00:00,336.7542109052691,4.155784193864545,55.52124562838195,0.11492473298115313
2023-01-29 20:00:00,491.2595600809947,4.30582154250724,67.41711250631018,4.087772612291321
2023-01-29 21:00:00,456.51371568621124,3.8321051914255655,36.452605036267755,9.240268704257328
2023-01-29 22:00:00,340.9992136027235,1.9501038264917803,78.14819573640538,1.1188061654912385
2023-01-29 23:00:00,361.9288451556161,21.22894690246625,58.137936028163075,5.16424388218611
2023-01-30 00:00:00,73.21811299641949,28.920635409976057,31.566943530982225,7.865223823908471
2023-01-30 01:00:00,351.46285904751767,23.97269878706645,60.80890983152217,9.425313075201167
2023-01-30 02:00:00,69.87444696954508,26.683745350421727,89.97996629091398,7.46776639533718
2023-01-30 03:00:00,314.718690636469,11.191937163407992,30.536504416438948,7.205655486444061
2023-01-30 04:00:00,499.7090748046257,21.163031814879925,77.17298510836697,8.264880901957625
2023-01-30 05:00:00,300.11296164673087,9.169449617790981,34.51163022312906,4.462012209775437
2023-01-30 06:00:00,262.9445531366,16.0201848787456,74.76718306220612,8.058445326178331
2023-01-30 07:00:00,190.78468542751438,14.265393861394493,71.42045461849892,0.07964404745451126
2023-01-30 08:00:00,104.235160453909,2.075485805754176,41.034256992030265,9.24561055376805
2023-01-30 09:00:00,378.96065215622673,10.483150413425232,42.80761822951149,4.433065095171753
2023-01-30 10:00:00,136.66956250353368,33.55289101929404,75.47649743740435,5.533801878657476
2023-01-30 11:00:00,101.87690956127797,4.943210308597683,52.301185832111884,2.548822489148823
2023-01-30 12:00:00,239.79319687873064,0.35214945117954866,71.15726200982661,7.425308328404214
2023-01-30 13:00:00,407.9038270815938,11.743224864957412,30.358890315608434,0.7663580647524881
2023-01-30 14:00:00,385.27904665409915,26.613509434405923,79.67904473310874,8.726358025468352
2023-01-30 15:00:00,74.69717659091371,18.28592919119889,69.76193016776234,8.281168290063427
2023-01-30 16:00:00,254.81465826627024,22.23899308952978,83.48599661843838,2.160601162447664
2023-01-30 17:00:00,285.095559232026,2.5877939269870875,29.26606653244807,8.093243982852623
2023-01-30 18:00:00,340.04599278162,19.75792772030886,61.51101502524184,7.863577330614815
2023-01-30 19:00:00,342.57530769945265,7.94001579645895,61.93844095282276,6.32216597753949
2023-01-30 20:00:00,214.11376225578763,28.3721346381907,44.74225183827477,3.735201768996875
2023-01-30 21:00:00,302.3047373015813,20.171952240429448,52.09264971984805,2.7149875418186786
2023-01-30 22:00:00,266.4778477298389,2.9542511110118364,22.658709430289743,2.3178359028935
2023-01-30 23:00:00,448.24926043547646,-2.415332806236554,72.21020270389084,3.186089627636072
2023-01-31 00:00:00,288.61930968570505,-3.2946716285186906,58.452573558222184,9.035584434325303
