Date,Visitors
2023-01-01,146
2023-01-02,160
2023-01-03,155
2023-01-04,152
2023-01-05,150
2023-01-06,149
2023-01-07,162
2023-01-08,155
2023-01-09,155
2023-01-10,149
2023-01-11,153
2023-01-12,149
2023-01-13,149
2023-01-14,159
2023-01-15,154
2023-01-16,150
2023-01-17,150
2023-01-18,162
2023-01-19,162
2023-01-20,168
2023-01-21,161
2023-01-22,168
2023-01-23,167
2023-01-24,168
2023-01-25,172
2023-01-26,166
2023-01-27,174
2023-01-28,158
2023-01-29,160
2023-01-30,174
2023-01-31,163
2023-02-01,165
2023-02-02,163
2023-02-03,175
2023-02-04,161
2023-02-05,171
2023-02-06,176
2023-02-07,167
2023-02-08,160
2023-02-09,178
2023-02-10,173
2023-02-11,166
2023-02-12,171
2023-02-13,167
2023-02-14,174
2023-02-15,162
2023-02-16,173
2023-02-17,176
2023-02-18,163
2023-02-19,177
2023-02-20,167
2023-02-21,163
2023-02-22,161
2023-02-23,165
2023-02-24,169
2023-02-25,162
2023-02-26,176
2023-02-27,170
2023-02-28,160
2023-03-01,168
2023-03-02,161
2023-03-03,171
2023-03-04,173
2023-03-05,171
2023-03-06,164
2023-03-07,170
2023-03-08,163
2023-03-09,171
2023-03-10,168
2023-03-11,172
2023-03-12,169
2023-03-13,166
2023-03-14,162
2023-03-15,167
2023-03-16,165
2023-03-17,152
2023-03-18,158
2023-03-19,159
2023-03-20,151
2023-03-21,161
2023-03-22,157
2023-03-23,159
2023-03-24,166
2023-03-25,164
2023-03-26,154
2023-03-27,149
2023-03-28,148
2023-03-29,145
2023-03-30,149
2023-03-31,153
2023-04-01,149
2023-04-02,151
2023-04-03,148
2023-04-04,150
2023-04-05,148
2023-04-06,151
2023-04-07,141
2023-04-08,139
2023-04-09,153
2023-04-10,142
2023-04-11,139
2023-04-12,147
2023-04-13,143
2023-04-14,137
2023-04-15,134
2023-04-16,136
2023-04-17,137
2023-04-18,146
2023-04-19,145
2023-04-20,133
2023-04-21,131
2023-04-22,134
2023-04-23,143
2023-04-24,135
2023-04-25,136
2023-04-26,142
2023-04-27,141
2023-04-28,136
2023-04-29,138
2023-04-30,144
2023-05-01,131
2023-05-02,141
2023-05-03,144
2023-05-04,127
2023-05-05,128
2023-05-06,129
2023-05-07,135
2023-05-08,137
2023-05-09,132
2023-05-10,125
2023-05-11,134
2023-05-12,128
2023-05-13,139
2023-05-14,122
2023-05-15,130
2023-05-16,133
2023-05-17,126
2023-05-18,131
2023-05-19,131
2023-05-20,139
2023-05-21,130
2023-05-22,126
2023-05-23,120
2023-05-24,120
2023-05-25,139
2023-05-26,132
2023-05-27,128
2023-05-28,122
2023-05-29,126
2023-05-30,125
2023-05-31,128
2023-06-01,129
2023-06-02,125
2023-06-03,121
2023-06-04,139
2023-06-05,131
2023-06-06,133
2023-06-07,136
2023-06-08,130
2023-06-09,142
2023-06-10,139
2023-06-11,139
2023-06-12,143
2023-06-13,135
2023-06-14,131
2023-06-15,126
2023-06-16,128
2023-06-17,142
2023-06-18,130
2023-06-19,143
2023-06-20,143
2023-06-21,144
2023-06-22,129
2023-06-23,130
2023-06-24,134
2023-06-25,130
2023-06-26,131
2023-06-27,149
2023-06-28,133
2023-06-29,144
2023-06-30,138
2023-07-01,137
2023-07-02,144
2023-07-03,151
2023-07-04,141
2023-07-05,140
2023-07-06,156
2023-07-07,139
2023-07-08,143
2023-07-09,149
2023-07-10,155
2023-07-11,155
2023-07-12,141
2023-07-13,150
2023-07-14,147
2023-07-15,158
2023-07-16,146
2023-07-17,163
2023-07-18,148
2023-07-19,163
2023-07-20,148
2023-07-21,165
2023-07-22,166
2023-07-23,154
2023-07-24,168
2023-07-25,157
2023-07-26,150
2023-07-27,157
2023-07-28,157
2023-07-29,168
2023-07-30,159
2023-07-31,152
2023-08-01,163
2023-08-02,170
2023-08-03,163
2023-08-04,156
2023-08-05,161
2023-08-06,170
2023-08-07,171
2023-08-08,175
2023-08-09,172
2023-08-10,158
2023-08-11,157
2023-08-12,173
2023-08-13,169
2023-08-14,162
2023-08-15,162
2023-08-16,167
2023-08-17,167
2023-08-18,161
2023-08-19,177
2023-08-20,174
2023-08-21,175
2023-08-22,162
2023-08-23,179
2023-08-24,160
2023-08-25,179
2023-08-26,170
2023-08-27,176
2023-08-28,167
2023-08-29,163
2023-08-30,165
2023-08-31,167
2023-09-01,179
2023-09-02,162
2023-09-03,175
2023-09-04,161
2023-09-05,176
2023-09-06,172
2023-09-07,176
2023-09-08,160
2023-09-09,160
2023-09-10,173
2023-09-11,166
2023-09-12,160
2023-09-13,157
2023-09-14,160
2023-09-15,156
2023-09-16,169
2023-09-17,170
2023-09-18,174
2023-09-19,162
2023-09-20,160
2023-09-21,156
2023-09-22,169
2023-09-23,153
2023-09-24,167
2023-09-25,163
2023-09-26,169
2023-09-27,164
2023-09-28,155
2023-09-29,154
2023-09-30,161
2023-10-01,166
2023-10-02,155
2023-10-03,148
2023-10-04,146
2023-10-05,160
2023-10-06,145
2023-10-07,149
2023-10-08,159
2023-10-09,161
2023-10-10,146
2023-10-11,144
2023-10-12,157
2023-10-13,157
2023-10-14,151
2023-10-15,152
2023-10-16,144
2023-10-17,140
2023-10-18,145
2023-10-19,141
2023-10-20,152
2023-10-21,148
2023-10-22,137
2023-10-23,134
2023-10-24,152
2023-10-25,133
2023-10-26,134
2023-10-27,149
2023-10-28,140
2023-10-29,132
2023-10-30,137
2023-10-31,142
2023-11-01,146
2023-11-02,142
2023-11-03,129
2023-11-04,136
2023-11-05,128
2023-11-06,142
2023-11-07,133
2023-11-08,125
2023-11-09,133
2023-11-10,134
2023-11-11,139
2023-11-12,130
2023-11-13,132
2023-11-14,125
2023-11-15,140
2023-11-16,134
2023-11-17,128
2023-11-18,125
2023-11-19,133
2023-11-20,140
2023-11-21,121
2023-11-22,128
2023-11-23,134
2023-11-24,135
2023-11-25,133
2023-11-26,131
2023-11-27,138
2023-11-28,134
2023-11-29,121
2023-11-30,121
2023-12-01,138
2023-12-02,136
2023-12-03,139
2023-12-04,129
2023-12-05,125
2023-12-06,134
2023-12-07,130
2023-12-08,125
2023-12-09,121
2023-12-10,128
2023-12-11,132
2023-12-12,132
2023-12-13,126
2023-12-14,128
2023-12-15,125
2023-12-16,128
2023-12-17,135
2023-12-18,142
2023-12-19,138
2023-12-20,126
2023-12-21,131
2023-12-22,144
2023-12-23,140
2023-12-24,138
2023-12-25,143
2023-12-26,136
2023-12-27,145
2023-12-28,144
2023-12-29,146
2023-12-30,133
2023-12-31,137
